sample,native,designed,seq,expr,yield,log(kcat),kcat,err1/kcat,err1,log(km),km,err2/km,err2,linear_slope,std_err/slope,std_err,R,ki,err6,note,kcat/km,wt eff/eff,,,,,,
s14a,s,a,14,1,0.601,2.505794,320.47483,0.0354190790,11.350923,-2.083295,0.008255,0.123078,0.001015984,NA,NA,NA,NA,NA,NA,,38822.96689,4.426348983,,,,,,
s16a,s,a,16,1,0.828,2.187646,154.04442,0.0093632950,1.442363,-1.853610,0.014008,0.028643,0.000401239,NA,NA,NA,NA,NA,NA,,10996.54969,15.62708349,,,,,,
s17a,s,a,17,1,0.654,2.928625,848.44696,0.0891302030,75.622251,-1.733921,0.018454,0.201618,0.003720556,NA,NA,NA,NA,NA,NA,,45977.53474,3.737564464,,,,,,
y18a,y,a,18,1,0.172,2.293455,196.54178,0.0474778420,9.331380,-1.501043,0.031547,0.114563,0.003614117,NA,NA,NA,NA,NA,NA,"kcat OK, km is bad",6230.135225,27.58270789,,,,,,
q19a,q,a,19,1,0.257,,NA,NA,NA,,NA,NA,,3.29E+00,6.78E-02,2.23E-01,0.954967293,NA,NA,could go either way (linear or mm),,,#ERROR!,,,,,
w34a,w,a,34,0,ND,,ND,,ND,,ND,,ND,ND,,ND,ND,ND,ND,,,,,,,,,
f75a,f,a,75,1,0.437,2.787705,613.34574,0.0136648340,8.381268,-2.262379,0.005465,0.051692,0.000282516,NA,NA,NA,NA,NA,NA,,112223.6173,1.531264132,,,,,,
r76a,r,a,76,1,0.103,0.415730,2.60453,0.0612300640,0.159476,-1.868588,0.013534,0.188991,0.002557717,NA,NA,NA,NA,NA,NA,,192.4498998,892.9284983,,,,,,
h119a,h,a,119,1,1.213,2.156050,143.23515,0.0741342240,10.618627,-1.820897,0.015104,0.222289,0.003357541,NA,NA,NA,NA,NA,NA,,9483.026457,18.12121908,,,,,,
w120a,w,a,120,0,ND,,ND,,ND,,ND,,ND,ND,,ND,ND,ND,ND,,,,,,,,,
n163a,n,a,163,1,0.737,0.823628,6.66235,0.0238541750,0.158925,-1.922800,0.011945,0.076009,0.000907955,NA,NA,NA,NA,NA,NA,,557.7348583,308.1105609,,,,,,
e164a,e,a,164,1,0.420,-0.718274,0.19130,0.0361261810,0.006911,-2.997765,0.001005,0.168813,0.000169684,NA,NA,NA,NA,NA,NA,,190.3229678,902.9073161,,,,,,
c167a,c,a,167,1,0.579,2.680284,478.94332,0.0300189020,14.377353,-1.836697,0.014565,0.086992,0.001267013,NA,NA,NA,NA,NA,NA,,32883.72466,5.225807046,,,,,,
l171a,l,a,171,1,0.376,2.906759,806.78706,0.0115449420,9.314310,-1.954890,0.011095,0.037463,0.000415631,NA,NA,NA,NA,NA,NA,,72719.21644,2.363116772,,,,,,
e177a,e,a,177,1,0.960,2.993958,986.18400,0.0101039780,9.964381,-2.223010,0.005984,0.037549,0.00022469,NA,NA,NA,NA,NA,NA,,164804.0444,1.042717129,,,,,,
h178a,h,a,178,1,0.251,2.052161,112.76163,0.0295223730,3.328991,-2.115066,0.007672,0.095090,0.000729569,NA,NA,NA,NA,NA,NA,,14696.96336,11.69248339,,,,,,
t218a,t,a,218,1,0.977,2.666855,464.35988,0.0397832780,18.473758,-2.186111,0.006515,0.144287,0.000939976,NA,NA,NA,NA,NA,NA,,71279.6104,2.410843705,,,,,,
l219a,l,a,219,1,0.473,2.298248,198.72313,0.0237130490,4.712331,-2.104212,0.007867,0.075947,0.000597443,NA,NA,NA,NA,NA,NA,,25261.55799,6.802589138,,,,,,
n220a,n,a,220,1,0.615,2.607375,404.92499,0.0201629780,8.164494,-1.988400,0.010271,0.066653,0.000684572,NA,NA,NA,NA,0.14986304,0.017562129,,39425.29794,4.358724195,,,,,,
m221a,m,a,221,1,0.730,2.738059,547.09001,0.0282654270,15.463733,-2.204218,0.006249,0.095274,0.00059533,NA,NA,NA,NA,NA,NA,,87554.1557,1.96271666,,,,,,
e222a,e,a,222,1,0.29000,1.953658,89.87901,0.0474508760,4.264838,-3.203509,0.000626,0.247081,0.000154643,NA,NA,NA,NA,0.0952407,0.013695022,,143604.365,1.196648862,,,,,,
r240a,r,a,240,1,1.108,4.041810,"11,010.58429",0.0234671000,258.386481,-1.710825,0.019461,0.059875,0.001165254,NA,NA,NA,NA,NA,NA,,565763.425,0.303738263,,,,,,
n293a,n,a,293,1,0.682,1.103933,12.70379,0.0149106970,0.189422,-2.014400,0.009674,0.045499,0.000440147,NA,NA,NA,NA,NA,NA,,1313.208847,130.8580888,,,,,,
y294a,y,a,294,1,0.591,2.218931,165.55051,0.0096542170,1.598261,-2.302993,0.004977,0.034139,0.000169928,NA,NA,NA,NA,NA,NA,,33260.08054,5.1666742,,,,,,
y295a,y,a,295,1,0.690,,NA,NA,NA,,NA,NA,0.004953353,,,,,NA,NA,,,,,,,,,
t296a,t,a,296,1,0.390,2.039077,109.41504,0.0214471120,2.346637,-1.956725,0.011048,0.069666,0.00076966,NA,NA,NA,NA,NA,NA,,9903.799875,17.35131991,,,,,,
m323a,m,a,323,1,0.348,2.618647,415.57244,0.0254614430,10.581074,-2.029486,0.009344,0.086049,0.000804005,NA,NA,NA,NA,NA,NA,,44476.76209,3.863680536,,,,,,
w325a,w,a,325,1,0.255,1.468440,29.40627,0.0301972590,0.887989,-2.792646,0.001612,0.139657,0.000225121,NA,NA,NA,NA,0.171020243,0.019854551,,18242.54998,9.419955007,,,,,,
s331a,s,a,331,1,0.893,2.912117,816.80240,0.0065875970,5.380765,-2.362747,0.004338,0.026025,0.000112888,NA,NA,NA,NA,NA,NA,,188305.751,0.912579669,,,,,,
k341a,k,a,341,1,0.916,3.019488,"1,045.89406",0.0160492650,16.785831,-2.263108,0.005456,0.060731,0.000331363,NA,NA,NA,NA,NA,NA,,191688.5075,0.896475236,,,,,,
t352a,t,a,352,1,0.700,1.774623,59.51449,0.0404259370,2.405929,-1.845944,0.014258,0.123092,0.001755037,NA,NA,NA,NA,NA,NA,,4174.132942,41.16878939,,,,,,
e353a,e,a,353,1,0.560,,NA,NA,NA,,NA,NA,,1.963564772,0.061018394,0.119813569,0.961400085,NA,NA,,,,,,,,,
n354a,n,a,354,1,0.342,0.469345,2.94676,0.0355892810,0.104873,-2.268820,0.005385,0.123813,0.000666723,NA,NA,NA,NA,NA,NA,,547.2236811,314.0288075,,,,,,
g355a,g,a,355,1,0.165,0.007623,1.01771,0.0817559370,0.083204,-2.228060,0.005915,0.278858,0.001649393,NA,NA,NA,NA,NA,NA,high km err but OK,172.0610003,998.7388177,,,,,,
a356a,a,a,356,1,0.744,2.902969,799.77684,0.0146879110,11.747051,-2.157541,0.006958,0.052939,0.000368328,NA,NA,NA,NA,NA,NA,,114950.3072,1.494941633,,,,,,
a357a,a,a,357,1,1.924,2.842093,695.17246,0.0267484060,18.594755,-2.383903,0.004131,0.098212,0.000405753,NA,NA,NA,NA,NA,NA,,168265.7276,1.021265605,,,,,,
w399a,w,a,399,1,0.957,-0.628619,0.23517,0.0519314640,0.012213,-1.778596,0.016650,0.151650,0.002524922,NA,NA,NA,NA,NA,NA,,14.12463197,12166.26389,,,,,,
s400a,s,a,400,1,0.410,2.724834,530.68186,0.0167713260,8.900239,-2.492110,0.003220,0.069816,0.000224826,NA,NA,NA,NA,NA,NA,,164795.1152,1.042773627,,,,,,
d403a,d,a,403,0,ND,,ND,,ND,,ND,,ND,ND,,ND,ND,ND,ND,,,,,,,,,
n404a,n,a,404,1,1.413,0.568776,3.70490,0.0132073580,0.048932,-2.026165,0.009415,0.044556,0.000419513,NA,NA,NA,NA,NA,NA,,393.4963687,436.7105104,,,,,,
f405a,f,a,405,0,ND,,ND,,ND,,ND,,ND,ND,,ND,ND,ND,ND,,,,,,,,,
e406a,e,a,406,1,0.567,,NA,NA,NA,,NA,NA,,4.638230651,0.064262213,0.298062968,0.966644461,NA,NA,,,,,,,,,
n407a,n,a,407,1,1.125,1.694768,49.51855,0.0196112630,0.971121,-1.955003,0.011092,0.057880,0.000641985,NA,NA,NA,NA,NA,NA,,4464.484225,38.49134443,,,,,,
w407a,w,a,407,1,0.125,1.057404,11.41311,0.0428458260,0.489004,-2.118748,0.007608,0.151546,0.001152915,NA,NA,NA,NA,NA,NA,,1500.20876,114.5467248,,,,,,
a408a,a,a,408,1,0.804,3.166709,"1,467.94163",0.0186567610,27.387036,-2.361244,0.004353,0.073660,0.000320618,NA,NA,NA,NA,NA,NA,,337250.5911,0.509543955,,,,,,
w409a,w,a,409,0,ND,,ND,,ND,,ND,,ND,ND,,ND,ND,ND,ND,,,,,,,,,
k413a,k,a,413,1,1.108,2.921557,834.75119,0.0390975150,32.636697,-2.534593,0.002920,0.165420,0.000483053,NA,NA,NA,NA,NA,NA,,285858.028,0.601151562,,,,,,
f415a,f,a,415,1,0.525,0.121400,1.32251,0.0822471390,0.108773,-1.779096,0.016630,0.240255,0.003995537,NA,NA,NA,NA,NA,NA,,79.52361457,2160.917872,,,,,,
,,,,,,,,,,,,,,,,,,,,,,,,,,,,
,,,,,,,,,,,,,,,,,,,,,,,,,,,,
,,,,,,,,,,,,,,,,,,,,,,,,,,,,
,,,,,,,,,,,,,,,,,,,,,,,,,,,,
,,,,,,,,,,,,,,,,,,,,,,,,,,,,
,,,,,,,,,,,,,,,,,,,,,,,,,,,,
,,,,,,,,,,,,,,,,,,,,,,,,,,,,
,,,,,,,,,,,,,,,,,,,,,,,,,,,,
,,,,,,,,,,,,,,,,,,,,,,,,,,,,
,,,,,,,,,,,,,,,,,,,,,,,,,,,,