Plate,sample,Yield,Dilution,Well,Max V [420],kobs,s,Vmax correction per [S]
36,W409E,0.672,0.01,A1,4.39E-02,5.92E+02,0.07500,4.81E-07
36,W409E,0.672,0.01,B1,4.65E-02,6.27E+02,0.01875,3.83E-07
36,W409E,0.672,0.01,C1,2.94E-02,3.97E+02,0.00469,2.90E-07
36,W409E,0.672,0.01,D1,1.62E-02,2.18E+02,0.00117,2.78E-07
36,W409E,0.672,0.01,E1,6.06E-03,8.18E+01,0.00029,1.57E-07
36,W409E,0.672,0.01,F1,1.85E-03,2.50E+01,0.00007,4.12E-07
36,W409E,0.672,0.01,G1,5.29E-04,7.14E+00,0.00002,3.65E-07
36,W409E,0.672,0.01,H1,-8.50E-06,-1.15E-01,0.00000,4.26E-07
36,W409E,0.672,0.01,A2,4.21E-02,5.67E+02,0.07500,4.81E-07
36,W409E,0.672,0.01,B2,3.98E-02,5.36E+02,0.01875,3.83E-07
36,W409E,0.672,0.01,C2,2.65E-02,3.57E+02,0.00469,2.90E-07
36,W409E,0.672,0.01,D2,1.32E-02,1.78E+02,0.00117,2.78E-07
36,W409E,0.672,0.01,E2,3.91E-03,5.28E+01,0.00029,1.57E-07
36,W409E,0.672,0.01,F2,1.32E-03,1.79E+01,0.00007,4.12E-07
36,W409E,0.672,0.01,G2,4.26E-04,5.75E+00,0.00002,3.65E-07
36,W409E,0.672,0.01,H2,-7.99E-06,-1.08E-01,0.00000,4.26E-07
36,W409E,0.672,0.01,A3,4.40E-02,5.94E+02,0.07500,4.81E-07
36,W409E,0.672,0.01,B3,4.40E-02,5.93E+02,0.01875,3.83E-07
36,W409E,0.672,0.01,C3,3.32E-02,4.47E+02,0.00469,2.90E-07
36,W409E,0.672,0.01,D3,1.88E-02,2.53E+02,0.00117,2.78E-07
36,W409E,0.672,0.01,E3,7.42E-03,1.00E+02,0.00029,1.57E-07
36,W409E,0.672,0.01,F3,2.34E-03,3.16E+01,0.00007,4.12E-07
36,W409E,0.672,0.01,G3,8.38E-04,1.13E+01,0.00002,3.65E-07
36,W409E,0.672,0.01,H3,-3.87E-06,-5.22E-02,0.00000,4.26E-07
36,E177F,0.865,0.01,A4,3.59E-02,3.76E+02,0.07500,4.81E-07
36,E177F,0.865,0.01,B4,2.78E-02,2.91E+02,0.01875,3.83E-07
36,E177F,0.865,0.01,C4,1.52E-02,1.60E+02,0.00469,2.90E-07
36,E177F,0.865,0.01,D4,5.67E-03,5.94E+01,0.00117,2.78E-07
36,E177F,0.865,0.01,E4,1.62E-03,1.70E+01,0.00029,1.57E-07
36,E177F,0.865,0.01,F4,4.35E-04,4.56E+00,0.00007,4.12E-07
36,E177F,0.865,0.01,G4,1.32E-04,1.38E+00,0.00002,3.65E-07
36,E177F,0.865,0.01,H4,-6.67E-06,-7.00E-02,0.00000,4.26E-07
36,E177F,0.865,0.01,A5,4.14E-02,4.34E+02,0.07500,4.81E-07
36,E177F,0.865,0.01,B5,2.97E-02,3.11E+02,0.01875,3.83E-07
36,E177F,0.865,0.01,C5,1.45E-02,1.52E+02,0.00469,2.90E-07
36,E177F,0.865,0.01,D5,5.95E-03,6.23E+01,0.00117,2.78E-07
36,E177F,0.865,0.01,E5,1.80E-03,1.88E+01,0.00029,1.57E-07
36,E177F,0.865,0.01,F5,4.98E-04,5.22E+00,0.00007,4.12E-07
36,E177F,0.865,0.01,G5,1.39E-04,1.46E+00,0.00002,3.65E-07
36,E177F,0.865,0.01,H5,-8.52E-06,-8.93E-02,0.00000,4.26E-07
36,E177F,0.865,0.01,A6,3.77E-02,3.95E+02,0.07500,4.81E-07
36,E177F,0.865,0.01,B6,3.15E-02,3.30E+02,0.01875,3.83E-07
36,E177F,0.865,0.01,C6,1.40E-02,1.47E+02,0.00469,2.90E-07
36,E177F,0.865,0.01,D6,4.85E-03,5.09E+01,0.00117,2.78E-07
36,E177F,0.865,0.01,E6,1.14E-03,1.19E+01,0.00029,1.57E-07
36,E177F,0.865,0.01,F6,3.02E-04,3.16E+00,0.00007,4.12E-07
36,E177F,0.865,0.01,G6,1.02E-04,1.07E+00,0.00002,3.65E-07
36,E177F,0.865,0.01,H6,-7.30E-06,-7.65E-02,0.00000,4.26E-07
36,H315A,0.652,0.01,A7,4.72E-02,6.56E+02,0.07500,4.81E-07
36,H315A,0.652,0.01,B7,2.90E-02,4.03E+02,0.01875,3.83E-07
36,H315A,0.652,0.01,C7,1.16E-02,1.61E+02,0.00469,2.90E-07
36,H315A,0.652,0.01,D7,2.75E-03,3.82E+01,0.00117,2.78E-07
36,H315A,0.652,0.01,E7,4.06E-04,5.64E+00,0.00029,1.57E-07
36,H315A,0.652,0.01,F7,8.56E-05,1.19E+00,0.00007,4.12E-07
36,H315A,0.652,0.01,G7,1.54E-05,2.14E-01,0.00002,3.65E-07
36,H315A,0.652,0.01,H7,-6.61E-06,-9.19E-02,0.00000,4.26E-07
36,H315A,0.652,0.01,A8,4.22E-02,5.86E+02,0.07500,4.81E-07
36,H315A,0.652,0.01,B8,3.47E-02,4.82E+02,0.01875,3.83E-07
36,H315A,0.652,0.01,C8,1.46E-02,2.03E+02,0.00469,2.90E-07
36,H315A,0.652,0.01,D8,4.21E-03,5.86E+01,0.00117,2.78E-07
36,H315A,0.652,0.01,E8,9.87E-04,1.37E+01,0.00029,1.57E-07
36,H315A,0.652,0.01,F8,1.83E-04,2.55E+00,0.00007,4.12E-07
36,H315A,0.652,0.01,G8,3.79E-05,5.27E-01,0.00002,3.65E-07
36,H315A,0.652,0.01,H8,-4.89E-06,-6.81E-02,0.00000,4.26E-07
36,H315A,0.652,0.01,A9,3.55E-02,4.94E+02,0.07500,4.81E-07
36,H315A,0.652,0.01,B9,3.70E-02,5.15E+02,0.01875,3.83E-07
36,H315A,0.652,0.01,C9,1.93E-02,2.68E+02,0.00469,2.90E-07
36,H315A,0.652,0.01,D9,8.75E-03,1.22E+02,0.00117,2.78E-07
36,H315A,0.652,0.01,E9,2.42E-03,3.37E+01,0.00029,1.57E-07
36,H315A,0.652,0.01,F9,6.07E-04,8.44E+00,0.00007,4.12E-07
36,H315A,0.652,0.01,G9,4.90E-04,6.82E+00,0.00002,3.65E-07
36,H315A,0.652,0.01,H9,7.41E-06,1.03E-01,0.00000,4.26E-07
,,,,,,,,
,,,,,,,,
,,,,,,,,
,,,,,,,,
,,,,,,,,
,,,,,,,,
,,,,,,,,
,,,,,,,,
,,,,,,,,
,,,,,,,,